{
  "project_info": {
    "project_number": "568072371544",
    "project_id": "sabki-dukaan-4feb6",
    "storage_bucket": "sabki-dukaan-4feb6.appspot.com"
  },
  "client": [
    {
      "client_info": {
        "mobilesdk_app_id": "1:568072371544:android:c4f90fb42800c179d4f92d",
        "android_client_info": {
          "package_name": "com.example.dukaan_clone"
        }
      },
      "oauth_client": [
        {
          "client_id": "568072371544-mc3c6tlh4mrp5eogspr8nelc6bjutcl5.apps.googleusercontent.com",
          "client_type": 3
        }
      ],
      "api_key": [
        {
          "current_key": "AIzaSyBHCfA2sxG40r5jI1Lj7mALc6aNOwaDBCw"
        }
      ],
      "services": {
        "appinvite_service": {
          "other_platform_oauth_client": [
            {
              "client_id": "568072371544-mc3c6tlh4mrp5eogspr8nelc6bjutcl5.apps.googleusercontent.com",
              "client_type": 3
            }
          ]
        }
      }
    }
  ],
  "configuration_version": "1"
}